{"cameraMode":{"drawMode":0,"name":"Shaded","section":"Shading Mode"},"sceneLighting":true,"audioPlay":false,"sceneViewState":{"m_AlwaysRefresh":false,"showFog":false,"showSkybox":false,"showFlares":false,"showImageEffects":false,"showParticleSystems":false,"showVisualEffectGraphs":true,"m_FxEnabled":true},"in2DMode":false,"pivot":{"x":3.171365737915039,"y":2.3653950691223146,"z":-10.608343124389649},"rotation":{"x":0.09018582105636597,"y":0.005970078520476818,"z":-0.0005404037656262517,"w":0.9959113597869873},"size":0.8660253882408142,"orthographic":false}