{"cameraMode":{"drawMode":0,"name":"Shaded","section":"Shading Mode"},"sceneLighting":true,"audioPlay":false,"sceneViewState":{"showFog":true,"showMaterialUpdate":false,"showSkybox":true,"showFlares":true,"showImageEffects":true,"showParticleSystems":true},"in2DMode":false,"pivot":{"x":2.5018675327301027,"y":4.490761756896973,"z":-14.922203063964844},"rotation":{"x":-0.19990476965904237,"y":-0.02145889401435852,"z":0.004379198420792818,"w":-0.979570209980011},"size":1.9956347942352296,"orthographic":false}