{"cameraMode":{"drawMode":0,"name":"Shaded","section":"Shading Mode"},"sceneLighting":true,"audioPlay":false,"sceneViewState":{"showFog":false,"showMaterialUpdate":false,"showSkybox":false,"showFlares":false,"showImageEffects":false,"showParticleSystems":false},"in2DMode":false,"pivot":{"x":383.965087890625,"y":239.16806030273438,"z":-11.97088623046875},"rotation":{"x":0.04379182681441307,"y":0.016478419303894044,"z":-0.0007341814343817532,"w":0.9989243149757385},"size":391.74957275390627,"orthographic":false}